阶段编号,阶段名称,起始索引,结束索引,起始时间（天）,结束时间（天）,持续时长（小时）,位移变化总量（mm）,阶段平均速度（mm/h）,拟合模型类型,模型参数
1,缓慢变形,0,3494,0,24.2638888888889,582.5,719.417243947072,1.23505106257008,1阶多项式,"p=[2.414351e-02, -130.874471]"
2,加速变形,3495,4276,24.2708333333333,29.6944444444444,130.333333333333,0.256603653550087,0.0019688259863178,2阶多项式,"p=[-8.751312e-09, 7.172311e-04, 705.314445]"
3,快速变形,4277,9448,29.7013888888889,65.6111111111111,862,2832.90936935271,3.28643778347183,双指数 exp2,"a=6.804015e+01, b=4.102957e-05, c=2.095480e+02, d=1.230887e-05"
