剔除家族,R^2,ΔR^2,RMSE,Phase0_RMSE_差值,Phase1_RMSE_差值,Phase2_RMSE_差值
降雨量,0.995530,0.000283,0.0143,+0.0002,+0.0001,+0.0011
孔隙水压力,0.994898,0.000915,0.0153,+0.0001,+0.0001,+0.0038
微震事件数,0.995132,0.000681,0.0150,+0.0001,+0.0001,+0.0028
爆破效应,0.995684,0.000129,0.0141,+0.0001,+0.0001,+0.0005
