剔除家族,R^2,ΔR^2,RMSE,Phase0_RMSE_差值,Phase1_RMSE_差值,Phase2_RMSE_差值
降雨量,0.836726,0.003950,0.0654,+0.0001,+0.0001,+0.0020
孔隙水压力,0.772506,0.068169,0.0772,+0.0001,+0.0005,+0.0317
微震事件数,0.826813,0.013863,0.0673,+0.0001,+0.0002,+0.0069
爆破效应,0.843707,-0.003032,0.0640,+0.0000,+0.0001,-0.0016
