剔除家族,R^2,ΔR^2,RMSE,Phase0_RMSE_差值,Phase1_RMSE_差值,Phase2_RMSE_差值
降雨量,0.607316,-0.001090,0.6270,-0.0007,+0.0023,-0.0012
孔隙水压力,0.593143,0.013082,0.6382,+0.0167,+0.0193,+0.0069
微震事件数,0.601741,0.004484,0.6314,+0.0043,+0.0085,+0.0029
干湿入渗系数,0.580783,0.025442,0.6478,+0.0309,+0.0397,+0.0138
爆破点距离,0.597106,0.009119,0.6351,+0.0020,+0.0012,+0.0103
单段最大药量,0.593207,0.013018,0.6381,-0.0009,+0.0026,+0.0164
